model,accuracy,precision,recall,f1,roc_auc
gradient_boosting,0.8026969481902059,0.6655172413793103,0.516042780748663,0.5813253012048193,0.8432754656539823
logistic_regression,0.7381121362668559,0.504302925989673,0.7834224598930482,0.6136125654450262,0.8416388953473353
random_forest,0.7643718949609652,0.5390334572490706,0.7754010695187166,0.6359649122807017,0.8406688367046423
hist_gradient_boosting,0.7906316536550745,0.6246056782334385,0.5294117647058824,0.573082489146165,0.8328063241106719
dummy_baseline,0.7345635202271115,0.0,0.0,0.0,0.5
